XP_004989574.1,Sal_ros,hypothetical,Choanoflagellate,"Sal_ros hypothetical","Salpingoeca hypothetical"
XP_004992504.1,Sal_ros,hypothetical,Choanoflagellate,"Sal_ros hypothetical","Salpingoeca hypothetical"
XP_004995884.1,Sal_ros,PSD-95,Choanoflagellate,"Sal_ros PSD-95","Salpingoeca PSD-95"
XP_004345405.1,Cap_owc,hypothetical,Holozoa,"Cap_owc hypothetical","Capsaspora hypothetical"
XP_004349749.1,Cap_owc,postsynaptic,Holozoa,"Cap_owc postsynaptic","Capsaspora postsynaptic"
XP_004363324.1,Cap_owc,hypothetical,Holozoa,"Cap_owc hypothetical","Capsaspora hypothetical"
XP_002113893.1,Tri_adh,hypothetical,Placozoa,"Tri_adh hypothetical","Trichoplax hypothetical"
XP_002108800.1,Tri_adh,hypothetical,Placozoa,"Tri_adh hypothetical","Trichoplax hypothetical"
XP_002115041.1,Tri_adh,hypothetical,Placozoa,"Tri_adh hypothetical","Trichoplax hypothetical"
NP_056219.3,Hom_sap,whirlin,Deuterostome,"Hom_sap whirlin","Homo whirlin"
NP_001166896.1,Hom_sap,whirlin,Deuterostome,"Hom_sap whirlin","Homo whirlin"
XP_011516786.1,Hom_sap,whirlin_isoform,Deuterostome,"Hom_sap whirlin_isoform","Homo whirlin_isoform"
XP_001636307.1,Nem_vec,predicted,Cnidaria,"Nem_vec predicted","Nematostella predicted"
XP_001640745.1,Nem_vec,predicted,Cnidaria,"Nem_vec predicted","Nematostella predicted"
XP_001639780.1,Nem_vec,predicted,Cnidaria,"Nem_vec predicted","Nematostella predicted"
XP_002158118.2,Hyd_vul,whirlin-like_partial,Cnidaria,"Hyd_vul whirlin-like_partial","Hydra whirlin-like_partial"
XP_012554457.1,Hyd_vul,myosin-1-like_,Cnidaria,"Hyd_vul myosin-1-like_","Hydra myosin-1-like_"
XP_012559552.1,Hyd_vul,protein_scribble,Cnidaria,"Hyd_vul protein_scribble","Hydra protein_scribble"
XP_011676653.1,Str_pur,whirlin_isoform,Deuterostome,"Str_pur whirlin_isoform","Strongylocentrotus whirlin_isoform"
XP_793549.3,Str_pur,whirlin_isoform,Deuterostome,"Str_pur whirlin_isoform","Strongylocentrotus whirlin_isoform"
XP_011681349.1,Str_pur,harmonin-like_partial,Deuterostome,"Str_pur harmonin-like_partial","Strongylocentrotus harmonin-like_partial"
NP_001024431.1,Cae_ele,Discs_LarGe,Protostome,"Cae_ele Discs_LarGe","Caenorhabditis Discs_LarGe"
NP_001255581.1,Cae_ele,MAGI,Protostome,"Cae_ele MAGI","Caenorhabditis MAGI"
NP_001255579.1,Cae_ele,MAGI,Protostome,"Cae_ele MAGI","Caenorhabditis MAGI"
NP_001261813.1,Dro_mel,dyschronic,Protostome,"Dro_mel dyschronic","Drosophila dyschronic"
NP_001137946.1,Dro_mel,dyschronic,Protostome,"Dro_mel dyschronic","Drosophila dyschronic"
NP_001137947.1,Dro_mel,dyschronic,Protostome,"Dro_mel dyschronic","Drosophila dyschronic"
XP_014767796.1,Oct_bim,harmonin-like_partial,Protostome,"Oct_bim harmonin-like_partial","Octopus harmonin-like_partial"
XP_014778177.1,Oct_bim,whirlin-like_,Protostome,"Oct_bim whirlin-like_","Octopus whirlin-like_"
XP_014784184.1,Oct_bim,disks_large,Protostome,"Oct_bim disks_large","Octopus disks_large"
XP_003385034.3,Amp_que,titin_homolog,Porifera,"Amp_que titin_homolog","Amphimedon titin_homolog"
XP_003386574.1,Amp_que,whirlin-like_,Porifera,"Amp_que whirlin-like_","Amphimedon whirlin-like_"
XP_019849791.1,Amp_que,golgin_subfamily,Porifera,"Amp_que golgin_subfamily","Amphimedon golgin_subfamily"
